<?xml version="1.0" encoding="UTF-8"?>
<config xmlns="http://www.knime.org/2008/09/XMLConfig" xmlns:xsi="http://www.w3.org/2001/XMLSchema-instance" xsi:schemaLocation="http://www.knime.org/2008/09/XMLConfig http://www.knime.org/XMLConfig_2008_09.xsd" key="filestore">
<config key="filestore_keys">
<config key="filestore_key_0">
<entry key="storeUUID" type="xstring" value="92d0f0ba-75ff-4e73-857e-5e5fcb5523bc"/>
<entry key="index" type="xint" value="0"/>
<entry key="name" type="xstring" value="320b0cfe-bfce-49e9-b6f4-6bba9d995c96"/>
<entry key="iterationIndex" type="xint" value="-1"/>
</config>
</config>
</config>
